[
    {
        "id": "45681216",
        "idDocument": "11223344",
        "idUtilisateur": "11223344",
        "message": "Jean Inspecteur vous envoie un nouveau projet",
        "titre":"Nouveau projet de Jean Inspecteur",
        "vue": false
    },
    {
        "id": "321021498",
        "idDocument": "d94cc751-85bf-4b94-ac6e-484982b56674",
        "idUtilisateur": "058de5f3-3774-497e-b6fc-ad01c422e92a",
        "message": "Alice Dupont vous envoie une nouvelle requête",
        "titre":"Nouvelle requête de Alice Dupont",
        "vue": false
    }
]