[
    {
        "candidatures": [],
        "typeTravaux": "Reparation",
        "dateDebutEsperee": "2024-12-01",
        "titreTravail": "Reparation de trottoir",
        "residentID": "12ea8f71-d820-49ee-8276-24209650a550",
        "ID": "d94cc751-85bf-4b94-ac6e-484982b56674",
        "descriptionDetaillee": "Le trottoir est endommage au coin de la rue."
    },
    {
        "candidatures": [],
        "typeTravaux": "Construction",
        "dateDebutEsperee": "2025-01-15",
        "titreTravail": "Ajout d'une piste cyclable",
        "residentID": "d8028721-7a32-4849-99bd-15e9dc90e81a",
        "ID": "e9f9104b-7452-4436-9d5f-3eea4ff76f13",
        "descriptionDetaillee": "Proposition pour ajouter une piste cyclable le long de l'avenue."
    },
    {
        "candidatures": ["11223344"],
        "typeTravaux": "Reparation",
        "dateDebutEsperee": "2024-02-11",
        "titreTravail": "Travail A",
        "residentID": "058de5f3-3774-497e-b6fc-ad01c422e92a",
        "ID": "a574e603-a040-42b7-a1d7-70dc1e1003f2",
        "descriptionDetaillee": "Description detaillee pour le travail 0"
    },
    {
        "candidatures": [],
        "typeTravaux": "Construction",
        "dateDebutEsperee": "2024-03-12",
        "titreTravail": "Travail B",
        "residentID": "058de5f3-3774-497e-b6fc-ad01c422e92a",
        "ID": "95ee8587-129d-4b41-ab8f-eabf65be4182",
        "descriptionDetaillee": "Description detaillee pour le travail 1"
    },
    {
        "candidatures": [],
        "typeTravaux": "Reparation",
        "dateDebutEsperee": "2024-04-13",
        "titreTravail": "Travail C",
        "residentID": "058de5f3-3774-497e-b6fc-ad01c422e92a",
        "ID": "59c59d7d-8ac4-4d5e-a31d-1e41a6c5464a",
        "descriptionDetaillee": "Description detaillee pour le travail 2"
    }
]