[
    {
        "dateDeNaissance": "1995-05-15",
        "motDePasse": "Password123",
        "preferencesHoraires": "Non specifié",
        "quartier": "Ville-Marie",
        "nomComplet": "Alice Dupont",
        "telephone": "514-123-4567",
        "ID": "058de5f3-3774-497e-b6fc-ad01c422e92a",
        "adresseResidentielle": "H2Y2Z5 123 Rue Principale",
        "courriel": "alice.dupont@example.com",
        "notifications": [{
            "titre": "1",
            "idDocument": "2",
            "vue": true,
            "idUtilisateur": "3",
            "id": "321021498",
            "message": "5"
        }]
    },
    {
        "dateDeNaissance": "1980-03-25",
        "motDePasse": "securePass1",
        "preferencesHoraires": "Matin",
        "quartier": "Ville-Marie",
        "nomComplet": "Bob Tremblay",
        "telephone": "514-987-65432",
        "ID": "12ea8f71-d820-49ee-8276-24209650a550",
        "adresseResidentielle": "H3A1B2 456 Avenue Saint-Laurent",
        "courriel": "bob.tremblay@example.com",
        "notifications": [{
            "titre": "",
            "idDocument": "",
            "vue": false,
            "idUtilisateur": "",
            "id": "",
            "message": ""
        }]
    },
    {
        "dateDeNaissance": "2000-01-02",
        "motDePasse": "SecurePass0!",
        "preferencesHoraires": "Soir",
        "quartier": "Outremont",
        "nomComplet": "Personne AB",
        "telephone": "514-555-1200",
        "ID": "4d7c6628-2bbb-4032-8746-65b80c8e93ce",
        "adresseResidentielle": "H2V1G2 1501-1549 Avenue Ducharme",
        "courriel": "personne0@example.com",
        "notifications": [{
            "titre": "",
            "idDocument": "",
            "vue": false,
            "idUtilisateur": "",
            "id": "",
            "message": ""
        }]
    },
    {
        "dateDeNaissance": "1992-11-20",
        "motDePasse": "pass123",
        "preferencesHoraires": "Matin",
        "quartier": "Ville-Marie",
        "nomComplet": "Chloé Martin",
        "telephone": "514-444-7890",
        "ID": "7a8d2c3b-4e56-9f70-1a3b-d4e5f6g7h8i9",
        "adresseResidentielle": "H3C2R5 789 Boulevard René-Lévesque",
        "courriel": "chloe.martin@example.com",
        "notifications": [{
            "titre": "",
            "idDocument": "",
            "vue": false,
            "idUtilisateur": "",
            "id": "",
            "message": ""
        }]
    },
    {
        "dateDeNaissance": "1985-07-15",
        "motDePasse": "secure789",
        "preferencesHoraires": "Après-midi",
        "quartier": "Outremont",
        "nomComplet": "Lucas Perrin",
        "telephone": "514-666-1234",
        "ID": "2b4f6g8h-7a8d-9f70-1a3b-d4e5c7h8i9j0",
        "adresseResidentielle": "H2V1G2 901 Rue Bernard",
        "courriel": "lucas.perrin@example.com",
        "notifications": [{
            "titre": "",
            "idDocument": "",
            "vue": false,
            "idUtilisateur": "",
            "id": "",
            "message": ""
        }]
    }
]